{"Birth Rate": {"count": 107.0, "mean": 20.37205607476636, "std": 10.114281770480542, "min": 6.4, "25%": 10.95, "50%": 17.95, "75%": 28.5, "max": 46.08}, "Calling Code": {"count": 107.0, "mean": 352.8785046728972, "std": 342.0308578785533, "min": 1.0, "25%": 85.0, "50%": 243.0, "75%": 461.0, "max": 1876.0}, "Fertility Rate": {"count": 107.0, "mean": 2.6947663551401866, "std": 1.3190171768478258, "min": 0.98, "25%": 1.665, "50%": 2.22, "75%": 3.535, "max": 6.91}, "Infant mortality": {"count": 107.0, "mean": 20.656074766355143, "std": 18.557636771970586, "min": 1.7, "25%": 6.15, "50%": 13.9, "75%": 32.25, "max": 78.5}, "Life expectancy": {"count": 107.0, "mean": 72.5018691588785, "std": 7.0034759740123445, "min": 54.3, "25%": 67.44999999999999, "50%": 74.4, "75%": 77.15, "max": 83.3}, "Maternal mortality ratio": {"count": 107.0, "mean": 140.53271028037383, "std": 202.99629691561617, "min": 2.0, "25%": 15.5, "50%": 43.0, "75%": 181.0, "max": 1120.0}, "Physicians per thousand": {"count": 107.0, "mean": 1.89196261682243, "std": 1.6092711576880612, "min": 0.01, "25%": 0.405, "50%": 1.56, "75%": 3.005, "max": 7.12}, "Population": {"count": 107.0, "mean": 58446502.04672897, "std": 189873785.2126608, "min": 287025.0, "25%": 5157048.0, "50%": 16604026.0, "75%": 42933146.0, "max": 1397715000.0}, "Latitude": {"count": 107.0, "mean": 20.60228198037383, "std": 24.318233701703964, "min": -40.900557, "25%": 7.7065215, "50%": 20.593684, "75%": 40.303386, "max": 61.52401}, "Longitude": {"count": 107.0, "mean": 23.76686607476635, "std": 58.797600382100015, "min": -106.346771, "25%": -2.498783, "50%": 23.881275, "75%": 50.6324865, "max": 178.065032}}